"Run","AvgSpotLen","Bases","BioSample","Experiment","GEO_Accession..exp.","Instrument","libType","ReleaseDate","Sample.Name","SRA.Study","BioProject","sex","stage","strain","genotype","target","antibody","replicate","Input_or_IP","matchedInputs","mergeInputs","matchedIPs","mergeIPs","basename"
"SRR947267",32,172768608,"SAMN02230956","SRX331045","GSM1183569","Illumina Genome Analyzer","SINGLE","2015-07-22T00:00:00Z","GSM1183569","SRP028416","PRJNA63455","herm","L3","OP185","unc-119(ed3); wgIs185(fkh-2::TY1 EGFP FLAG C; unc-119)","FKH-2","GFP","rep1","Input",NA,FALSE,"SRR947268",FALSE,"SRR947267_L3_herm_FKH-2_Input_rep1"
"SRR947268",32,152603808,"SAMN02230941","SRX331046","GSM1183570","Illumina Genome Analyzer","SINGLE","2015-07-22T00:00:00Z","GSM1183570","SRP028416","PRJNA63455","herm","L3","OP185","unc-119(ed3); wgIs185(fkh-2::TY1 EGFP FLAG C; unc-119)","FKH-2","GFP","rep1","ChIP","SRR947267",FALSE,NA,FALSE,"SRR947268_L3_herm_FKH-2_ChIP_rep1"
"SRR947269",32,167095232,"SAMN02230939","SRX331047","GSM1183571","Illumina Genome Analyzer","SINGLE","2015-07-22T00:00:00Z","GSM1183571","SRP028416","PRJNA63455","herm","L3","OP185","unc-119(ed3); wgIs185(fkh-2::TY1 EGFP FLAG C; unc-119)","FKH-2","GFP","rep2","Input",NA,FALSE,"SRR947270;SRR947271",TRUE,"SRR947269_L3_herm_FKH-2_Input_rep2"
"SRR947270",32,68689696,"SAMN02230954","SRX331048","GSM1183572","Illumina Genome Analyzer","SINGLE","2015-07-22T00:00:00Z","GSM1183572","SRP028416","PRJNA63455","herm","L3","OP185","unc-119(ed3); wgIs185(fkh-2::TY1 EGFP FLAG C; unc-119)","FKH-2","GFP","rep2","ChIP","SRR947269",FALSE,NA,FALSE,"SRR947270_L3_herm_FKH-2_ChIP_rep2"
"SRR947271",32,58663776,"SAMN02230954","SRX331048","GSM1183572","Illumina Genome Analyzer","SINGLE","2015-07-22T00:00:00Z","GSM1183572","SRP028416","PRJNA63455","herm","L3","OP185","unc-119(ed3); wgIs185(fkh-2::TY1 EGFP FLAG C; unc-119)","FKH-2","GFP","rep2","ChIP","SRR947269",FALSE,NA,FALSE,"SRR947271_L3_herm_FKH-2_ChIP_rep2"
"SRR947272",32,140018944,"SAMN02230940","SRX331049","GSM1183573","Illumina Genome Analyzer","SINGLE","2015-07-22T00:00:00Z","GSM1183573","SRP028417","PRJNA63455","herm","L3","OP198","unc-119(ed3); wgIs198(mml-1::TY1 EGFP FLAG C; unc-119)","MML-1","GFP","rep1","Input",NA,FALSE,"SRR947273",FALSE,"SRR947272_L3_herm_MML-1_Input_rep1"
"SRR947273",32,160277248,"SAMN02230947","SRX331050","GSM1183574","Illumina Genome Analyzer","SINGLE","2015-07-22T00:00:00Z","GSM1183574","SRP028417","PRJNA63455","herm","L3","OP198","unc-119(ed3); wgIs198(mml-1::TY1 EGFP FLAG C; unc-119)","MML-1","GFP","rep1","ChIP","SRR947272",FALSE,NA,FALSE,"SRR947273_L3_herm_MML-1_ChIP_rep1"
"SRR947274",32,71275360,"SAMN02230950","SRX331051","GSM1183575","Illumina Genome Analyzer","SINGLE","2015-07-22T00:00:00Z","GSM1183575","SRP028417","PRJNA63455","herm","L3","OP198","unc-119(ed3); wgIs198(mml-1::TY1 EGFP FLAG C; unc-119)","MML-1","GFP","rep2","Input",NA,FALSE,"SRR947275",FALSE,"SRR947274_L3_herm_MML-1_Input_rep2"
"SRR947275",32,100369792,"SAMN02230938","SRX331052","GSM1183576","Illumina Genome Analyzer","SINGLE","2015-07-22T00:00:00Z","GSM1183576","SRP028417","PRJNA63455","herm","L3","OP198","unc-119(ed3); wgIs198(mml-1::TY1 EGFP FLAG C; unc-119)","MML-1","GFP","rep2","ChIP","SRR947274",FALSE,NA,FALSE,"SRR947275_L3_herm_MML-1_ChIP_rep2"
"SRR947276",32,125694464,"SAMN02230931","SRX331053","GSM1183577","Illumina Genome Analyzer","SINGLE","2015-07-22T00:00:00Z","GSM1183577","SRP028418","PRJNA63455","herm","L3","OP203","unc-119(ed3); wgIs203(nhr-76::TY1 EGFP FLAG; unc-119)","NHR-76","GFP","rep1","Input",NA,FALSE,"SRR947277",FALSE,"SRR947276_L3_herm_NHR-76_Input_rep1"
"SRR947277",32,166982848,"SAMN02230946","SRX331054","GSM1183578","Illumina Genome Analyzer","SINGLE","2015-07-22T00:00:00Z","GSM1183578","SRP028418","PRJNA63455","herm","L3","OP203","unc-119(ed3); wgIs203(nhr-76::TY1 EGFP FLAG; unc-119)","NHR-76","GFP","rep1","ChIP","SRR947276",FALSE,NA,FALSE,"SRR947277_L3_herm_NHR-76_ChIP_rep1"
"SRR947278",32,124085312,"SAMN02230934","SRX331055","GSM1183579","Illumina Genome Analyzer","SINGLE","2015-07-22T00:00:00Z","GSM1183579","SRP028418","PRJNA63455","herm","L3","OP203","unc-119(ed3); wgIs203(nhr-76::TY1 EGFP FLAG; unc-119)","NHR-76","GFP","rep2","Input",NA,FALSE,"SRR947279;SRR947280",TRUE,"SRR947278_L3_herm_NHR-76_Input_rep2"
"SRR947279",32,155461408,"SAMN02230928","SRX331056","GSM1183580","Illumina Genome Analyzer","SINGLE","2015-07-22T00:00:00Z","GSM1183580","SRP028418","PRJNA63455","herm","L3","OP203","unc-119(ed3); wgIs203(nhr-76::TY1 EGFP FLAG; unc-119)","NHR-76","GFP","rep2","ChIP","SRR947278",FALSE,NA,FALSE,"SRR947279_L3_herm_NHR-76_ChIP_rep2"
"SRR947280",32,145431072,"SAMN02230928","SRX331056","GSM1183580","Illumina Genome Analyzer","SINGLE","2015-07-22T00:00:00Z","GSM1183580","SRP028418","PRJNA63455","herm","L3","OP203","unc-119(ed3); wgIs203(nhr-76::TY1 EGFP FLAG; unc-119)","NHR-76","GFP","rep2","ChIP","SRR947278",FALSE,NA,FALSE,"SRR947280_L3_herm_NHR-76_ChIP_rep2"
"SRR947362",32,242816768,"SAMN02230888","SRX331131","GSM1183659","Illumina Genome Analyzer","SINGLE","2015-07-22T00:00:00Z","GSM1183659","SRP028437","PRJNA63455","herm","L3","OP43","unc-119(ed3); wgIs43(nhr-23::TY1 EGFP FLAG; unc-119)","NHR-23","GFP","rep1","Input",NA,FALSE,"SRR947363",FALSE,"SRR947362_L3_herm_NHR-23_Input_rep1"
"SRR947363",32,162474688,"SAMN02230881","SRX331132","GSM1183660","Illumina Genome Analyzer","SINGLE","2015-07-22T00:00:00Z","GSM1183660","SRP028437","PRJNA63455","herm","L3","OP43","unc-119(ed3); wgIs43(nhr-23::TY1 EGFP FLAG; unc-119)","NHR-23","GFP","rep1","ChIP","SRR947362",FALSE,NA,FALSE,"SRR947363_L3_herm_NHR-23_ChIP_rep1"
"SRR947364",32,297819840,"SAMN02230887","SRX331133","GSM1183661","Illumina Genome Analyzer","SINGLE","2015-07-22T00:00:00Z","GSM1183661","SRP028437","PRJNA63455","herm","L3","OP43","unc-119(ed3); wgIs43(nhr-23::TY1 EGFP FLAG; unc-119)","NHR-23","GFP","rep2","Input",NA,FALSE,"SRR947365",FALSE,"SRR947364_L3_herm_NHR-23_Input_rep2"
"SRR947365",32,137414816,"SAMN02230882","SRX331134","GSM1183662","Illumina Genome Analyzer","SINGLE","2015-07-22T00:00:00Z","GSM1183662","SRP028437","PRJNA63455","herm","L3","OP43","unc-119(ed3); wgIs43(nhr-23::TY1 EGFP FLAG; unc-119)","NHR-23","GFP","rep2","ChIP","SRR947364",FALSE,NA,FALSE,"SRR947365_L3_herm_NHR-23_ChIP_rep2"
"SRR947366",32,268866176,"SAMN02230877","SRX331135","GSM1183663","Illumina Genome Analyzer","SINGLE","2015-07-22T00:00:00Z","GSM1183663","SRP028438","PRJNA63455","herm","L3","OP342","unc119(ed3);wgIs341(skn-1::TY1 EGFP FLAG;unc119)","SKN-1","GFP","rep1","Input",NA,FALSE,"SRR947367",FALSE,"SRR947366_L3_herm_SKN-1_Input_rep1"
"SRR947367",32,196570592,"SAMN02230885","SRX331136","GSM1183664","Illumina Genome Analyzer","SINGLE","2015-07-22T00:00:00Z","GSM1183664","SRP028438","PRJNA63455","herm","L3","OP342","unc119(ed3);wgIs341(skn-1::TY1 EGFP FLAG;unc119)","SKN-1","GFP","rep1","ChIP","SRR947366",FALSE,NA,FALSE,"SRR947367_L3_herm_SKN-1_ChIP_rep1"
"SRR947368",32,212015168,"SAMN02230880","SRX331137","GSM1183665","Illumina Genome Analyzer","SINGLE","2015-07-22T00:00:00Z","GSM1183665","SRP028438","PRJNA63455","herm","L3","OP342","unc119(ed3);wgIs341(skn-1::TY1 EGFP FLAG;unc119)","SKN-1","GFP","rep2","Input",NA,FALSE,"SRR947369",FALSE,"SRR947368_L3_herm_SKN-1_Input_rep2"
"SRR947369",32,308170464,"SAMN02230878","SRX331138","GSM1183666","Illumina Genome Analyzer","SINGLE","2015-07-22T00:00:00Z","GSM1183666","SRP028438","PRJNA63455","herm","L3","OP342","unc119(ed3);wgIs341(skn-1::TY1 EGFP FLAG;unc119)","SKN-1","GFP","rep2","ChIP","SRR947368",FALSE,NA,FALSE,"SRR947369_L3_herm_SKN-1_ChIP_rep2"
"SRR947388",32,254717984,"SAMN02230861","SRX331157","GSM1183681","Illumina Genome Analyzer","SINGLE","2015-07-22T00:00:00Z","GSM1183681","SRP028443","PRJNA63455","herm","L3","OP354","unc119(ed3);wgIs354(elt-1::TY1 EGFP FLAG;unc119)","ELT-1","GFP","rep1","Input",NA,FALSE,"SRR947389;SRR947390",TRUE,"SRR947388_L3_herm_ELT-1_Input_rep1"
"SRR947389",32,80212384,"SAMN02230863","SRX331158","GSM1183682","Illumina Genome Analyzer","SINGLE","2015-07-22T00:00:00Z","GSM1183682","SRP028443","PRJNA63455","herm","L3","OP354","unc119(ed3);wgIs354(elt-1::TY1 EGFP FLAG;unc119)","ELT-1","GFP","rep1","ChIP","SRR947388",FALSE,NA,FALSE,"SRR947389_L3_herm_ELT-1_ChIP_rep1"
"SRR947390",32,32645024,"SAMN02230863","SRX331158","GSM1183682","Illumina Genome Analyzer","SINGLE","2015-07-22T00:00:00Z","GSM1183682","SRP028443","PRJNA63455","herm","L3","OP354","unc119(ed3);wgIs354(elt-1::TY1 EGFP FLAG;unc119)","ELT-1","GFP","rep1","ChIP","SRR947388",FALSE,NA,FALSE,"SRR947390_L3_herm_ELT-1_ChIP_rep1"
"SRR947391",32,226948000,"SAMN02230864","SRX331159","GSM1183683","Illumina Genome Analyzer","SINGLE","2015-07-22T00:00:00Z","GSM1183683","SRP028443","PRJNA63455","herm","L3","OP354","unc119(ed3);wgIs354(elt-1::TY1 EGFP FLAG;unc119)","ELT-1","GFP","rep2","Input",NA,FALSE,"SRR947392",FALSE,"SRR947391_L3_herm_ELT-1_Input_rep2"
"SRR947392",32,202638784,"SAMN02230859","SRX331160","GSM1183684","Illumina Genome Analyzer","SINGLE","2015-07-22T00:00:00Z","GSM1183684","SRP028443","PRJNA63455","herm","L3","OP354","unc119(ed3);wgIs354(elt-1::TY1 EGFP FLAG;unc119)","ELT-1","GFP","rep2","ChIP","SRR947391",FALSE,NA,FALSE,"SRR947392_L3_herm_ELT-1_ChIP_rep2"
"SRR947409",32,179502464,"SAMN02230850","SRX331177","GSM1183701","Illumina Genome Analyzer","SINGLE","2015-07-22T00:00:00Z","GSM1183701","SRP028448","PRJNA63455","herm","L3","OP228","unc119(ed3);wgIs228(nhr-237:TY1 EGFP FLAG;unc119)","NHR-237","GFP","rep1","Input",NA,FALSE,"SRR947410",FALSE,"SRR947409_L3_herm_NHR-237_Input_rep1"
"SRR947410",32,206429408,"SAMN02230842","SRX331178","GSM1183702","Illumina Genome Analyzer","SINGLE","2015-07-22T00:00:00Z","GSM1183702","SRP028448","PRJNA63455","herm","L3","OP228","unc119(ed3);wgIs228(nhr-237:TY1 EGFP FLAG;unc119)","NHR-237","GFP","rep1","ChIP","SRR947409",FALSE,NA,FALSE,"SRR947410_L3_herm_NHR-237_ChIP_rep1"
"SRR947411",32,179480608,"SAMN02230843","SRX331179","GSM1183703","Illumina Genome Analyzer","SINGLE","2015-07-22T00:00:00Z","GSM1183703","SRP028448","PRJNA63455","herm","L3","OP228","unc119(ed3);wgIs228(nhr-237:TY1 EGFP FLAG;unc119)","NHR-237","GFP","rep2","Input",NA,FALSE,"SRR947412",FALSE,"SRR947411_L3_herm_NHR-237_Input_rep2"
"SRR947412",32,218833248,"SAMN02230846","SRX331180","GSM1183704","Illumina Genome Analyzer","SINGLE","2015-07-22T00:00:00Z","GSM1183704","SRP028448","PRJNA63455","herm","L3","OP228","unc119(ed3);wgIs228(nhr-237:TY1 EGFP FLAG;unc119)","NHR-237","GFP","rep2","ChIP","SRR947411",FALSE,NA,FALSE,"SRR947412_L3_herm_NHR-237_ChIP_rep2"
"SRR947433",32,191701312,"SAMN02230913","SRX331201","GSM1183729","Illumina Genome Analyzer","SINGLE","2015-07-22T00:00:00Z","GSM1183729","SRP028454","PRJNA63455","herm","L3","OP305","unc119(ed3);wgIs305(nhr-11::TY1 EGFP FLAG;unc119)","NHR-11","GFP","rep1","Input",NA,FALSE,"SRR947434",FALSE,"SRR947433_L3_herm_NHR-11_Input_rep1"
"SRR947434",32,281898976,"SAMN02230905","SRX331202","GSM1183730","Illumina Genome Analyzer","SINGLE","2015-07-22T00:00:00Z","GSM1183730","SRP028454","PRJNA63455","herm","L3","OP305","unc119(ed3);wgIs305(nhr-11::TY1 EGFP FLAG;unc119)","NHR-11","GFP","rep1","ChIP","SRR947433",FALSE,NA,FALSE,"SRR947434_L3_herm_NHR-11_ChIP_rep1"
"SRR947435",32,177631776,"SAMN02230899","SRX331203","GSM1183731","Illumina Genome Analyzer","SINGLE","2015-07-22T00:00:00Z","GSM1183731","SRP028454","PRJNA63455","herm","L3","OP305","unc119(ed3);wgIs305(nhr-11::TY1 EGFP FLAG;unc119)","NHR-11","GFP","rep2","Input",NA,FALSE,"SRR947436",FALSE,"SRR947435_L3_herm_NHR-11_Input_rep2"
"SRR947436",32,255930560,"SAMN02230908","SRX331204","GSM1183732","Illumina Genome Analyzer","SINGLE","2015-07-22T00:00:00Z","GSM1183732","SRP028454","PRJNA63455","herm","L3","OP305","unc119(ed3);wgIs305(nhr-11::TY1 EGFP FLAG;unc119)","NHR-11","GFP","rep2","ChIP","SRR947435",FALSE,NA,FALSE,"SRR947436_L3_herm_NHR-11_ChIP_rep2"
"SRR947485",32,228040416,"SAMN02230676","SRX331253","GSM1183777","Illumina Genome Analyzer","SINGLE","2015-07-22T00:00:00Z","GSM1183777","SRP028467","PRJNA63455","herm","L3","OP373","unc119(ed3);wgIs373(nhr-67::TY1 EGFP FLAG;unc119","NHR-67","GFP","rep1","Input",NA,FALSE,"SRR947486",FALSE,"SRR947485_L3_herm_NHR-67_Input_rep1"
"SRR947486",32,159585824,"SAMN02230677","SRX331254","GSM1183778","Illumina Genome Analyzer","SINGLE","2015-07-22T00:00:00Z","GSM1183778","SRP028467","PRJNA63455","herm","L3","OP373","unc119(ed3);wgIs373(nhr-67::TY1 EGFP FLAG;unc119","NHR-67","GFP","rep1","ChIP","SRR947485",FALSE,NA,FALSE,"SRR947486_L3_herm_NHR-67_ChIP_rep1"
"SRR947487",32,221190048,"SAMN02230681","SRX331255","GSM1183779","Illumina Genome Analyzer","SINGLE","2015-07-22T00:00:00Z","GSM1183779","SRP028467","PRJNA63455","herm","L3","OP373","unc119(ed3);wgIs373(nhr-67::TY1 EGFP FLAG;unc119","NHR-67","GFP","rep2","Input",NA,FALSE,"SRR947488",FALSE,"SRR947487_L3_herm_NHR-67_Input_rep2"
"SRR947488",32,53752032,"SAMN02230679","SRX331256","GSM1183780","Illumina Genome Analyzer","SINGLE","2015-07-22T00:00:00Z","GSM1183780","SRP028467","PRJNA63455","herm","L3","OP373","unc119(ed3);wgIs373(nhr-67::TY1 EGFP FLAG;unc119","NHR-67","GFP","rep2","ChIP","SRR947487",FALSE,NA,FALSE,"SRR947488_L3_herm_NHR-67_ChIP_rep2"
"SRR947558",32,197555968,"SAMN02230793","SRX331321","GSM1183845","Illumina Genome Analyzer","SINGLE","2015-07-22T00:00:00Z","GSM1183845","SRP028483","PRJNA63455","herm","L3","OP404","unc-119(ed3) III; wgIs404(nfya-1::TY1-GFP-3xFLA; unc-119(+))","NFYA-1","GFP","rep1","Input",NA,FALSE,"SRR947559",FALSE,"SRR947558_L3_herm_NFYA-1_Input_rep1"
"SRR947559",32,207635520,"SAMN02230796","SRX331322","GSM1183846","Illumina Genome Analyzer","SINGLE","2015-07-22T00:00:00Z","GSM1183846","SRP028483","PRJNA63455","herm","L3","OP404","unc-119(ed3) III; wgIs404(nfya-1::TY1-GFP-3xFLA; unc-119(+))","NFYA-1","GFP","rep1","ChIP","SRR947558",FALSE,NA,FALSE,"SRR947559_L3_herm_NFYA-1_ChIP_rep1"
"SRR947560",32,206809984,"SAMN02230801","SRX331323","GSM1183847","Illumina Genome Analyzer","SINGLE","2015-07-22T00:00:00Z","GSM1183847","SRP028483","PRJNA63455","herm","L3","OP404","unc-119(ed3) III; wgIs404(nfya-1::TY1-GFP-3xFLA; unc-119(+))","NFYA-1","GFP","rep2","Input",NA,FALSE,"SRR947561",FALSE,"SRR947560_L3_herm_NFYA-1_Input_rep2"
"SRR947561",32,131165600,"SAMN02230802","SRX331324","GSM1183848","Illumina Genome Analyzer","SINGLE","2015-07-22T00:00:00Z","GSM1183848","SRP028483","PRJNA63455","herm","L3","OP404","unc-119(ed3) III; wgIs404(nfya-1::TY1-GFP-3xFLA; unc-119(+))","NFYA-1","GFP","rep2","ChIP","SRR947560",FALSE,NA,FALSE,"SRR947561_L3_herm_NFYA-1_ChIP_rep2"
"SRR947578",50,656489400,"SAMN02264747","SRX331341","GSM1195415","Illumina Genome Analyzer","SINGLE","2015-07-22T00:00:00Z","GSM1195415","SRP028488","PRJNA63455","herm-male","L3","N2","wild-type","LIN-61","SDQ3520","rep1","Input",NA,FALSE,"SRR947580",FALSE,"SRR947578_L3_herm-male_LIN-61_Input_rep1"
"SRR947579",50,952027950,"SAMN02264748","SRX331342","GSM1195416","Illumina Genome Analyzer","SINGLE","2015-07-22T00:00:00Z","GSM1195416","SRP028488","PRJNA63455","herm-male","L3","N2","wild-type","LIN-61","SDQ3520","rep2","Input",NA,FALSE,"SRR947581",FALSE,"SRR947579_L3_herm-male_LIN-61_Input_rep2"
"SRR947580",50,849735600,"SAMN02264752","SRX331343","GSM1195417","Illumina Genome Analyzer","SINGLE","2015-07-22T00:00:00Z","GSM1195417","SRP028488","PRJNA63455","herm-male","L3","N2","wild-type","LIN-61","SDQ3520","rep1","ChIP","SRR947578",FALSE,NA,FALSE,"SRR947580_L3_herm-male_LIN-61_ChIP_rep1"
"SRR947581",36,1100786832,"SAMN02264750","SRX331344","GSM1195418","Illumina Genome Analyzer","SINGLE","2015-07-22T00:00:00Z","GSM1195418","SRP028488","PRJNA63455","herm-male","L3","N2","wild-type","LIN-61","SDQ3520","rep2","ChIP","SRR947579",FALSE,NA,FALSE,"SRR947581_L3_herm-male_LIN-61_ChIP_rep2"
"SRR947582",36,1196342964,"SAMN02264751","SRX331345","GSM1195419","Illumina Genome Analyzer","SINGLE","2015-07-22T00:00:00Z","GSM1195419","SRP028489","PRJNA63455","herm-male","L3","N2","wild-type","H3K9acS10","ab12181","rep1","Input",NA,FALSE,"SRR947584",FALSE,"SRR947582_L3_herm-male_H3K9acS10_Input_rep1"
"SRR947583",50,1142949100,"SAMN02264755","SRX331346","GSM1195420","Illumina Genome Analyzer","SINGLE","2014-05-21T00:00:00Z","GSM1195420","SRP028489","PRJNA63455","herm-male","L3","N2","wild-type","H3K9acS10","ab12181","rep2","Input",NA,FALSE,"SRR947585",FALSE,"SRR947583_L3_herm-male_H3K9acS10_Input_rep2"
"SRR947584",50,1086731450,"SAMN02264753","SRX331347","GSM1195421","Illumina Genome Analyzer","SINGLE","2014-05-21T00:00:00Z","GSM1195421","SRP028489","PRJNA63455","herm-male","L3","N2","wild-type","H3K9acS10","ab12181","rep1","ChIP","SRR947582",FALSE,NA,FALSE,"SRR947584_L3_herm-male_H3K9acS10_ChIP_rep1"
"SRR947585",50,679919600,"SAMN02264754","SRX331348","GSM1195422","Illumina Genome Analyzer","SINGLE","2014-05-21T00:00:00Z","GSM1195422","SRP028489","PRJNA63455","herm-male","L3","N2","wild-type","H3K9acS10","ab12181","rep2","ChIP","SRR947583",FALSE,NA,FALSE,"SRR947585_L3_herm-male_H3K9acS10_ChIP_rep2"
"SRR192330",42,809087454,"SAMN00261246","SRX060165","GSM706164","Illumina Genome Analyzer II","SINGLE","2011-05-03T00:00:00Z","GSM706164","SRP006493","PRJNA63461","herm","L3","N2","wild-type","Input",NA,"rep1","Input",NA,FALSE,"SRR190694;SRR190695;SRR190704;SRR190705;SRR190713;SRR190714",FALSE,"SRR192330_L3_herm_Input_Input_rep1"
"SRR340085",36,372823164,"SAMN00710310","SRX094473","GSM779422","Illumina Genome Analyzer II","SINGLE","2011-08-30T00:00:00Z","GSM779422","SRP007859","PRJNA63455","herm","L3","N2","wild-type","H3K36me3","AB9050 H3K36me3","rep1","ChIP","SRR340086",FALSE,NA,FALSE,"SRR340085_L3_herm_H3K36me3_ChIP_rep1"
"SRR340086",36,454384584,"SAMN00710311","SRX094474","GSM779423","Illumina Genome Analyzer II","SINGLE","2011-08-30T00:00:00Z","GSM779423","SRP007859","PRJNA63455","herm","L3","N2","wild-type","Input",NA,"rep1","Input",NA,FALSE,"SRR340085;SRR340087",FALSE,"SRR340086_L3_herm_Input_Input_rep1"
"SRR340087",36,460677780,"SAMN00710312","SRX094475","GSM779424","Illumina Genome Analyzer II","SINGLE","2011-08-30T00:00:00Z","GSM779424","SRP007859","PRJNA63455","herm","L3","N2","wild-type","H3K36me3","AB9050 H3K36me3","rep2","ChIP","SRR340086",FALSE,NA,FALSE,"SRR340087_L3_herm_H3K36me3_ChIP_rep2"
"SRR849515",32,92634400,"SAMN02141852","SRX276909","GSM1138352","Illumina Genome Analyzer","SINGLE","2015-07-22T00:00:00Z","GSM1138352","SRP022262","PRJNA63455","herm","L3","OP236","unc119(ed3);wgIs236(elk-2::TY1 EGFP FLAG;unc119)","ZTF-11","GFP","rep1","Input",NA,FALSE,"SRR849517",FALSE,"SRR849515_L3_herm_ZTF-11_Input_rep1"
"SRR849516",32,117951584,"SAMN02141853","SRX276910","GSM1138353","Illumina Genome Analyzer","SINGLE","2015-07-22T00:00:00Z","GSM1138353","SRP022262","PRJNA63455","herm","L3","OP236","unc119(ed3);wgIs236(elk-2::TY1 EGFP FLAG;unc119)","ZTF-11","GFP","rep2","Input",NA,FALSE,"SRR849518",FALSE,"SRR849516_L3_herm_ZTF-11_Input_rep2"
"SRR849517",32,175832704,"SAMN02141854","SRX276911","GSM1138354","Illumina Genome Analyzer","SINGLE","2015-07-22T00:00:00Z","GSM1138354","SRP022262","PRJNA63455","herm","L3","OP236","unc119(ed3);wgIs236(elk-2::TY1 EGFP FLAG;unc119)","ZTF-11","GFP","rep1","ChIP","SRR849515",FALSE,NA,FALSE,"SRR849517_L3_herm_ZTF-11_ChIP_rep1"
"SRR849518",32,182463104,"SAMN02141855","SRX276912","GSM1138355","Illumina Genome Analyzer","SINGLE","2015-07-22T00:00:00Z","GSM1138355","SRP022262","PRJNA63455","herm","L3","OP236","unc119(ed3);wgIs236(elk-2::TY1 EGFP FLAG;unc119)","ZTF-11","GFP","rep2","ChIP","SRR849516",FALSE,NA,FALSE,"SRR849518_L3_herm_ZTF-11_ChIP_rep2"
"SRR849693",32,109656128,"SAMN02141872","SRX277024","GSM1138368","Illumina Genome Analyzer","SINGLE","2015-07-22T00:00:00Z","GSM1138368","SRP022314","PRJNA63455","herm","L3","OP234","unc119(ed3);wgIs234(T24H10.7:TY1 EGFP FLAG;unc119)","JUN-1","GFP","rep1","Input",NA,FALSE,"SRR849695",FALSE,"SRR849693_L3_herm_JUN-1_Input_rep1"
"SRR849694",32,111246720,"SAMN02141867","SRX277025","GSM1138369","Illumina Genome Analyzer","SINGLE","2015-07-22T00:00:00Z","GSM1138369","SRP022314","PRJNA63455","herm","L3","OP234","unc119(ed3);wgIs234(T24H10.7:TY1 EGFP FLAG;unc119)","JUN-1","GFP","rep2","Input",NA,FALSE,"SRR849696",FALSE,"SRR849694_L3_herm_JUN-1_Input_rep2"
"SRR849695",32,84748128,"SAMN02141868","SRX277026","GSM1138370","Illumina Genome Analyzer","SINGLE","2015-07-22T00:00:00Z","GSM1138370","SRP022314","PRJNA63455","herm","L3","OP234","unc119(ed3);wgIs234(T24H10.7:TY1 EGFP FLAG;unc119)","JUN-1","GFP","rep1","ChIP","SRR849693",FALSE,NA,FALSE,"SRR849695_L3_herm_JUN-1_ChIP_rep1"
"SRR849696",32,94451872,"SAMN02141869","SRX277027","GSM1138371","Illumina Genome Analyzer","SINGLE","2015-07-22T00:00:00Z","GSM1138371","SRP022314","PRJNA63455","herm","L3","OP234","unc119(ed3);wgIs234(T24H10.7:TY1 EGFP FLAG;unc119)","JUN-1","GFP","rep2","ChIP","SRR849694",FALSE,NA,FALSE,"SRR849696_L3_herm_JUN-1_ChIP_rep2"
"SRR849729",32,157930048,"SAMN02141897","SRX277053","GSM1138396","Illumina Genome Analyzer","SINGLE","2015-07-22T00:00:00Z","GSM1138396","SRP022323","PRJNA63455","herm","L3","OP318","unc-119(ed3); wgIs318(nhr-12::TY1 EGFP FLAG;unc-119(+))","NHR-12","GFP","rep1","Input",NA,FALSE,"SRR849731",FALSE,"SRR849729_L3_herm_NHR-12_Input_rep1"
"SRR849730",32,153370240,"SAMN02141898","SRX277054","GSM1138397","Illumina Genome Analyzer","SINGLE","2015-07-22T00:00:00Z","GSM1138397","SRP022323","PRJNA63455","herm","L3","OP318","unc-119(ed3); wgIs318(nhr-12::TY1 EGFP FLAG;unc-119(+))","NHR-12","GFP","rep2","Input",NA,FALSE,"SRR849732",FALSE,"SRR849730_L3_herm_NHR-12_Input_rep2"
"SRR849731",32,192738400,"SAMN02141901","SRX277055","GSM1138398","Illumina Genome Analyzer","SINGLE","2015-07-22T00:00:00Z","GSM1138398","SRP022323","PRJNA63455","herm","L3","OP318","unc-119(ed3); wgIs318(nhr-12::TY1 EGFP FLAG;unc-119(+))","NHR-12","GFP","rep1","ChIP","SRR849729",FALSE,NA,FALSE,"SRR849731_L3_herm_NHR-12_ChIP_rep1"
"SRR849732",32,165671392,"SAMN02141902","SRX277056","GSM1138399","Illumina Genome Analyzer","SINGLE","2015-07-22T00:00:00Z","GSM1138399","SRP022323","PRJNA63455","herm","L3","OP318","unc-119(ed3); wgIs318(nhr-12::TY1 EGFP FLAG;unc-119(+))","NHR-12","GFP","rep2","ChIP","SRR849730",FALSE,NA,FALSE,"SRR849732_L3_herm_NHR-12_ChIP_rep2"
"SRR849745",32,166358528,"SAMN02141878","SRX277069","GSM1138436","Illumina Genome Analyzer","SINGLE","2015-07-22T00:00:00Z","GSM1138436","SRP022327","PRJNA63455","herm","L3","OP241","unc119(ed3);wgIs241(ceh-38::TY1 EGFP FLAG;unc119)","CEH-28","GFP","rep1","Input",NA,FALSE,"SRR849747",FALSE,"SRR849745_L3_herm_CEH-28_Input_rep1"
"SRR849746",32,165343136,"SAMN02141879","SRX277070","GSM1138437","Illumina Genome Analyzer","SINGLE","2015-07-22T00:00:00Z","GSM1138437","SRP022327","PRJNA63455","herm","L3","OP241","unc119(ed3);wgIs241(ceh-38::TY1 EGFP FLAG;unc119)","CEH-28","GFP","rep2","Input",NA,FALSE,"SRR849748",FALSE,"SRR849746_L3_herm_CEH-28_Input_rep2"
"SRR849747",32,272994816,"SAMN02141880","SRX277071","GSM1138438","Illumina Genome Analyzer","SINGLE","2015-07-22T00:00:00Z","GSM1138438","SRP022327","PRJNA63455","herm","L3","OP241","unc119(ed3);wgIs241(ceh-38::TY1 EGFP FLAG;unc119)","CEH-28","GFP","rep1","ChIP","SRR849745",FALSE,NA,FALSE,"SRR849747_L3_herm_CEH-28_ChIP_rep1"
"SRR849748",32,267862528,"SAMN02141881","SRX277072","GSM1138439","Illumina Genome Analyzer","SINGLE","2015-07-22T00:00:00Z","GSM1138439","SRP022327","PRJNA63455","herm","L3","OP241","unc119(ed3);wgIs241(ceh-38::TY1 EGFP FLAG;unc119)","CEH-28","GFP","rep2","ChIP","SRR849746",FALSE,NA,FALSE,"SRR849748_L3_herm_CEH-28_ChIP_rep2"
"SRR190662",37,1729959457,"SAMN00261240","SRX059222","GSM706166","Illumina Genome Analyzer II","SINGLE","2011-05-03T00:00:00Z","GSM706166","SRP006491","PRJNA63461","herm","L3","N2","wild-type","Input",NA,"rep2","Input",NA,FALSE,"SRR190694;SRR190695;SRR190704;SRR190705;SRR190713;SRR190714",FALSE,"SRR190662_L3_herm_Input_Input_rep2"
"SRR190676",36,703999980,"SAMN00261255","SRX059236","GSM706167","Illumina Genome Analyzer II","SINGLE","2011-05-03T00:00:00Z","GSM706167","SRP006497","PRJNA63461","herm","L3","N2","wild-type","Input",NA,"rep3","Input",NA,FALSE,"SRR190694;SRR190695;SRR190704;SRR190705;SRR190713;SRR190714",FALSE,"SRR190676_L3_herm_Input_Input_rep3"
"SRR190694",36,417340404,"SAMN00261273","SRX059254","GSM713151","Illumina Genome Analyzer II","SINGLE","2011-05-03T00:00:00Z","GSM713151","SRP006504","PRJNA63455","herm","L3","N2","wild-type","H3K4me3","WA30534819 H3K4me3","rep1","ChIP","SRR192330;SRR190662;SRR190676",TRUE,NA,FALSE,"SRR190694_L3_herm_H3K4me3_ChIP_rep1"
"SRR190695",36,932078304,"SAMN00261274","SRX059255","GSM713152","Illumina Genome Analyzer II","SINGLE","2011-05-03T00:00:00Z","GSM713152","SRP006504","PRJNA63455","herm","L3","N2","wild-type","H3K4me3","WA30534819 H3K4me3","rep2","ChIP","SRR192330;SRR190662;SRR190676",TRUE,NA,FALSE,"SRR190695_L3_herm_H3K4me3_ChIP_rep2"
"SRR190704",36,693121464,"SAMN00261283","SRX059264","GSM713168","Illumina Genome Analyzer II","SINGLE","2011-05-03T00:00:00Z","GSM713168","SRP006507","PRJNA63455","herm","L3","N2","wild-type","H3K9ac","WA30932379 H3K9ac","rep1","ChIP","SRR192330;SRR190662;SRR190676",TRUE,NA,FALSE,"SRR190704_L3_herm_H3K9ac_ChIP_rep1"
"SRR190705",36,830522160,"SAMN00261284","SRX059265","GSM713169","Illumina Genome Analyzer II","SINGLE","2011-05-03T00:00:00Z","GSM713169","SRP006507","PRJNA63455","herm","L3","N2","wild-type","H3K9ac","WA30932379 H3K9ac","rep2","ChIP","SRR192330;SRR190662;SRR190676",TRUE,NA,FALSE,"SRR190705_L3_herm_H3K9ac_ChIP_rep2"
"SRR190713",36,756216648,"SAMN00261292","SRX059273","GSM713176","Illumina Genome Analyzer II","SINGLE","2011-05-03T00:00:00Z","GSM713176","SRP006511","PRJNA63455","herm","L3","N2","wild-type","H3K4me3","WA30534819 H3K4me3","rep3","ChIP","SRR192330;SRR190662;SRR190676",TRUE,NA,FALSE,"SRR190713_L3_herm_H3K4me3_ChIP_rep3"
"SRR190714",36,585537336,"SAMN00261293","SRX059274","GSM713177","Illumina Genome Analyzer II","SINGLE","2011-05-03T00:00:00Z","GSM713177","SRP006511","PRJNA63455","herm","L3","N2","wild-type","H3K4me3","WA30534819 H3K4me3","rep4","ChIP","SRR192330;SRR190662;SRR190676",TRUE,NA,FALSE,"SRR190714_L3_herm_H3K4me3_ChIP_rep4"
"SRR701502",32,192608672,"SAMN01919364","SRX233447","GSM1076661","Illumina Genome Analyzer","SINGLE","2015-07-22T00:00:00Z","GSM1076661","SRP018542","","herm","L3","OP218","unc-119(ed3); wgIs218(R02D3.7:TY1 EGFP FLAG; unc-119)","R02D3.7","GFP","rep1","Input",NA,FALSE,"SRR701504",FALSE,"SRR701502_L3_herm_R02D3.7_Input_rep1"
"SRR701503",32,177145984,"SAMN01919365","SRX233448","GSM1076662","Illumina Genome Analyzer","SINGLE","2015-07-22T00:00:00Z","GSM1076662","SRP018542","","herm","L3","OP218","unc-119(ed3); wgIs218(R02D3.7:TY1 EGFP FLAG; unc-119)","R02D3.7","GFP","rep2","Input",NA,FALSE,"SRR701505",FALSE,"SRR701503_L3_herm_R02D3.7_Input_rep2"
"SRR701504",32,183215744,"SAMN01919366","SRX233449","GSM1076663","Illumina Genome Analyzer","SINGLE","2015-07-22T00:00:00Z","GSM1076663","SRP018542","","herm","L3","OP218","unc-119(ed3); wgIs218(R02D3.7:TY1 EGFP FLAG; unc-119)","R02D3.7","GFP","rep1","ChIP","SRR701502",FALSE,NA,FALSE,"SRR701504_L3_herm_R02D3.7_ChIP_rep1"
"SRR701505",32,268174624,"SAMN01919367","SRX233450","GSM1076664","Illumina Genome Analyzer","SINGLE","2015-07-22T00:00:00Z","GSM1076664","SRP018542","","herm","L3","OP218","unc-119(ed3); wgIs218(R02D3.7:TY1 EGFP FLAG; unc-119)","R02D3.7","GFP","rep2","ChIP","SRR701503",FALSE,NA,FALSE,"SRR701505_L3_herm_R02D3.7_ChIP_rep2"
"SRR1159142",37,1729959457,"SAMN02315198","SRX463080","GSM1206280","Illumina Genome Analyzer","SINGLE","2014-02-06T00:00:00Z","GSM1206280","SRP007859","PRJNA63455","herm-male","L3","N2","wild-type","HTZ-1","JA00001","rep1","Input",NA,FALSE,"SRR1159144",FALSE,"SRR1159142_L3_herm-male_HTZ-1_Input_rep1"
"SRR1159143",36,703999980,"SAMN02315203","SRX463081","GSM1206281","Illumina Genome Analyzer","SINGLE","2014-02-04T00:00:00Z","GSM1206281","SRP007859","PRJNA63455","herm-male","L3","N2","wild-type","HTZ-1","JA00001","rep2","Input",NA,FALSE,"SRR1159145",FALSE,"SRR1159143_L3_herm-male_HTZ-1_Input_rep2"
"SRR1159144",35,301099540,"SAMN02315200","SRX463082","GSM1206282","Illumina Genome Analyzer","SINGLE","2015-07-22T00:00:00Z","GSM1206282","SRP007859","PRJNA63455","herm-male","L3","N2","wild-type","HTZ-1","JA00001","rep1","ChIP","SRR1159142",FALSE,NA,FALSE,"SRR1159144_L3_herm-male_HTZ-1_ChIP_rep1"
"SRR1159145",36,977986404,"SAMN02315201","SRX463083","GSM1206283","Illumina Genome Analyzer","SINGLE","2015-07-22T00:00:00Z","GSM1206283","SRP007859","PRJNA63455","herm-male","L3","N2","wild-type","HTZ-1","JA00001","rep2","ChIP","SRR1159143",FALSE,NA,FALSE,"SRR1159145_L3_herm-male_HTZ-1_ChIP_rep2"
"SRR1163521",50,279773950,"SAMN02315199","SRX466455","GSM1206284","Illumina Genome Analyzer","SINGLE","2015-07-22T00:00:00Z","GSM1206284","SRP007859","PRJNA63455","herm-male","L3","N2","wild-type","H3K79me3","AB2621","rep1","Input",NA,FALSE,"SRR1163523",FALSE,"SRR1163521_L3_herm-male_H3K79me3_Input_rep1"
"SRR1163522",50,126677150,"SAMN02315202","SRX466456","GSM1206285","Illumina Genome Analyzer","SINGLE","2015-07-22T00:00:00Z","GSM1206285","SRP007859","PRJNA63455","herm-male","L3","N2","wild-type","H3K79me3","AB2621","rep2","Input",NA,FALSE,"SRR1163524",FALSE,"SRR1163522_L3_herm-male_H3K79me3_Input_rep2"
"SRR1163523",50,1087411600,"SAMN02315204","SRX466457","GSM1206286","Illumina Genome Analyzer","SINGLE","2014-02-06T00:00:00Z","GSM1206286","SRP007859","PRJNA63455","herm-male","L3","N2","wild-type","H3K79me3","AB2621","rep1","ChIP","SRR1163521",FALSE,NA,FALSE,"SRR1163523_L3_herm-male_H3K79me3_ChIP_rep1"
"SRR1163524",50,1714242450,"SAMN02315205","SRX466458","GSM1206287","Illumina Genome Analyzer","SINGLE","2014-02-06T00:00:00Z","GSM1206287","SRP007859","PRJNA63455","herm-male","L3","N2","wild-type","H3K79me3","AB2621","rep2","ChIP","SRR1163522",FALSE,NA,FALSE,"SRR1163524_L3_herm-male_H3K79me3_ChIP_rep2"
"SRR1163525",50,126677150,"SAMN02315207","SRX466459","GSM1206288","Illumina Genome Analyzer","SINGLE","2015-07-22T00:00:00Z","GSM1206288","SRP007859","PRJNA63455","herm-male","L3","N2","wild-type","H3K9me3","AB8898","rep1","Input",NA,FALSE,"SRR1163527",FALSE,"SRR1163525_L3_herm-male_H3K9me3_Input_rep1"
"SRR1163526",50,279773950,"SAMN02315206","SRX466460","GSM1206289","Illumina Genome Analyzer","SINGLE","2015-07-22T00:00:00Z","GSM1206289","SRP007859","PRJNA63455","herm-male","L3","N2","wild-type","H3K9me3","AB8898","rep2","Input",NA,FALSE,"SRR1163528",FALSE,"SRR1163526_L3_herm-male_H3K9me3_Input_rep2"
"SRR1163527",50,1236254700,"SAMN02315209","SRX466461","GSM1206290","Illumina Genome Analyzer","SINGLE","2014-05-21T00:00:00Z","GSM1206290","SRP007859","PRJNA63455","herm-male","L3","N2","wild-type","H3K9me3","AB8898","rep1","ChIP","SRR1163525",FALSE,NA,FALSE,"SRR1163527_L3_herm-male_H3K9me3_ChIP_rep1"
"SRR1163528",50,909825650,"SAMN02315208","SRX466462","GSM1206291","Illumina Genome Analyzer","SINGLE","2014-05-21T00:00:00Z","GSM1206291","SRP007859","PRJNA63455","herm-male","L3","N2","wild-type","H3K9me3","AB8898","rep2","ChIP","SRR1163526",FALSE,NA,FALSE,"SRR1163528_L3_herm-male_H3K9me3_ChIP_rep2"
"SRR1163529",50,126677150,"SAMN02315210","SRX466463","GSM1206292","Illumina Genome Analyzer","SINGLE","2015-07-22T00:00:00Z","GSM1206292","SRP007859","PRJNA63455","herm-male","L3","N2","wild-type","H3K9me3","HK00009","rep1","Input",NA,FALSE,"SRR1163531",FALSE,"SRR1163529_L3_herm-male_H3K9me3_Input_rep1"
"SRR1163530",50,279773950,"SAMN02315212","SRX466464","GSM1206293","Illumina Genome Analyzer","SINGLE","2015-07-22T00:00:00Z","GSM1206293","SRP007859","PRJNA63455","herm-male","L3","N2","wild-type","H3K9me3","HK00009","rep2","Input",NA,FALSE,"SRR1163532",FALSE,"SRR1163530_L3_herm-male_H3K9me3_Input_rep2"
"SRR1163531",50,323839800,"SAMN02315213","SRX466465","GSM1206294","Illumina Genome Analyzer","SINGLE","2014-02-06T00:00:00Z","GSM1206294","SRP007859","PRJNA63455","herm-male","L3","N2","wild-type","H3K9me3","HK00009","rep1","ChIP","SRR1163529",FALSE,NA,FALSE,"SRR1163531_L3_herm-male_H3K9me3_ChIP_rep1"
"SRR1163532",50,590151200,"SAMN02315211","SRX466466","GSM1206295","Illumina Genome Analyzer","SINGLE","2014-02-06T00:00:00Z","GSM1206295","SRP007859","PRJNA63455","herm-male","L3","N2","wild-type","H3K9me3","HK00009","rep2","ChIP","SRR1163530",FALSE,NA,FALSE,"SRR1163532_L3_herm-male_H3K9me3_ChIP_rep2"
"SRR1163533",50,126677150,"SAMN02315218","SRX466467","GSM1206296","Illumina Genome Analyzer","SINGLE","2015-07-22T00:00:00Z","GSM1206296","SRP007859","PRJNA63455","herm-male","L3","N2","wild-type","H3K36me2","HK00012","rep1","Input",NA,FALSE,"SRR1163535",FALSE,"SRR1163533_L3_herm-male_H3K36me2_Input_rep1"
"SRR1163534",50,279773950,"SAMN02315216","SRX466468","GSM1206297","Illumina Genome Analyzer","SINGLE","2015-07-22T00:00:00Z","GSM1206297","SRP007859","PRJNA63455","herm-male","L3","N2","wild-type","H3K36me2","HK00012","rep2","Input",NA,FALSE,"SRR1163536",FALSE,"SRR1163534_L3_herm-male_H3K36me2_Input_rep2"
"SRR1163535",50,1906179800,"SAMN02315214","SRX466469","GSM1206298","Illumina Genome Analyzer","SINGLE","2014-05-21T00:00:00Z","GSM1206298","SRP007859","PRJNA63455","herm-male","L3","N2","wild-type","H3K36me2","HK00012","rep1","ChIP","SRR1163533",FALSE,NA,FALSE,"SRR1163535_L3_herm-male_H3K36me2_ChIP_rep1"
"SRR1163536",50,175723850,"SAMN02315215","SRX466470","GSM1206299","Illumina Genome Analyzer","SINGLE","2014-05-21T00:00:00Z","GSM1206299","SRP007859","PRJNA63455","herm-male","L3","N2","wild-type","H3K36me2","HK00012","rep2","ChIP","SRR1163534",FALSE,NA,FALSE,"SRR1163536_L3_herm-male_H3K36me2_ChIP_rep2"
"SRR1163537",50,126677150,"SAMN02315217","SRX466471","GSM1206300","Illumina Genome Analyzer","SINGLE","2015-07-22T00:00:00Z","GSM1206300","SRP007859","PRJNA63455","herm-male","L3","N2","wild-type","H3K36ac","NB211254","rep1","Input",NA,FALSE,"SRR1163539",FALSE,"SRR1163537_L3_herm-male_H3K36ac_Input_rep1"
"SRR1163538",50,279773950,"SAMN02315219","SRX466472","GSM1206301","Illumina Genome Analyzer","SINGLE","2015-07-22T00:00:00Z","GSM1206301","SRP007859","PRJNA63455","herm-male","L3","N2","wild-type","H3K36ac","NB211254","rep2","Input",NA,FALSE,"SRR1163540",FALSE,"SRR1163538_L3_herm-male_H3K36ac_Input_rep2"
"SRR1163539",50,502081150,"SAMN02315221","SRX466473","GSM1206302","Illumina Genome Analyzer","SINGLE","2014-05-21T00:00:00Z","GSM1206302","SRP007859","PRJNA63455","herm-male","L3","N2","wild-type","H3K36ac","NB211254","rep1","ChIP","SRR1163537",FALSE,NA,FALSE,"SRR1163539_L3_herm-male_H3K36ac_ChIP_rep1"
"SRR1163540",50,849324000,"SAMN02315220","SRX466474","GSM1206303","Illumina Genome Analyzer","SINGLE","2014-05-21T00:00:00Z","GSM1206303","SRP007859","PRJNA63455","herm-male","L3","N2","wild-type","H3K36ac","NB211254","rep2","ChIP","SRR1163538",FALSE,NA,FALSE,"SRR1163540_L3_herm-male_H3K36ac_ChIP_rep2"
"SRR1163541",50,126677150,"SAMN02315222","SRX466475","GSM1206304","Illumina Genome Analyzer","SINGLE","2015-07-22T00:00:00Z","GSM1206304","SRP007859","PRJNA63455","herm-male","L3","N2","wild-type","H3K27me1","UP07448","rep1","Input",NA,FALSE,"SRR1163543",FALSE,"SRR1163541_L3_herm-male_H3K27me1_Input_rep1"
"SRR1163542",50,279773950,"SAMN02315225","SRX466476","GSM1206305","Illumina Genome Analyzer","SINGLE","2015-07-22T00:00:00Z","GSM1206305","SRP007859","PRJNA63455","herm-male","L3","N2","wild-type","H3K27me1","UP07448","rep2","Input",NA,FALSE,"SRR1163544",FALSE,"SRR1163542_L3_herm-male_H3K27me1_Input_rep2"
"SRR1163543",50,544517250,"SAMN02315224","SRX466477","GSM1206306","Illumina Genome Analyzer","SINGLE","2014-05-21T00:00:00Z","GSM1206306","SRP007859","PRJNA63455","herm-male","L3","N2","wild-type","H3K27me1","UP07448","rep1","ChIP","SRR1163541",FALSE,NA,FALSE,"SRR1163543_L3_herm-male_H3K27me1_ChIP_rep1"
"SRR1163544",50,1241299300,"SAMN02315223","SRX466478","GSM1206307","Illumina Genome Analyzer","SINGLE","2014-05-21T00:00:00Z","GSM1206307","SRP007859","PRJNA63455","herm-male","L3","N2","wild-type","H3K27me1","UP07448","rep2","ChIP","SRR1163542",FALSE,NA,FALSE,"SRR1163544_L3_herm-male_H3K27me1_ChIP_rep2"
"SRR1163545",50,126677150,"SAMN02315226","SRX466479","GSM1206308","Illumina Genome Analyzer","SINGLE","2015-07-22T00:00:00Z","GSM1206308","SRP007859","PRJNA63455","herm-male","L3","N2","wild-type","H3K27me3","UP07449","rep1","Input",NA,FALSE,"SRR1163547",FALSE,"SRR1163545_L3_herm-male_H3K27me3_Input_rep1"
"SRR1163546",50,433371150,"SAMN02315227","SRX466480","GSM1206309","Illumina Genome Analyzer","SINGLE","2015-07-22T00:00:00Z","GSM1206309","SRP007859","PRJNA63455","herm-male","L3","N2","wild-type","H3K27me3","UP07449","rep2","Input",NA,FALSE,"SRR1163548",FALSE,"SRR1163546_L3_herm-male_H3K27me3_Input_rep2"
"SRR1163547",50,980478200,"SAMN02315300","SRX466481","GSM1206310","Illumina Genome Analyzer","SINGLE","2014-05-21T00:00:00Z","GSM1206310","SRP007859","PRJNA63455","herm-male","L3","N2","wild-type","H3K27me3","UP07449","rep1","ChIP","SRR1163545",FALSE,NA,FALSE,"SRR1163547_L3_herm-male_H3K27me3_ChIP_rep1"
"SRR1163548",50,691175100,"SAMN02315277","SRX466482","GSM1206311","Illumina Genome Analyzer","SINGLE","2014-05-21T00:00:00Z","GSM1206311","SRP007859","PRJNA63455","herm-male","L3","N2","wild-type","H3K27me3","UP07449","rep2","ChIP","SRR1163546",FALSE,NA,FALSE,"SRR1163548_L3_herm-male_H3K27me3_ChIP_rep2"
"SRR1163549",50,126677150,"SAMN02315290","SRX466483","GSM1206312","Illumina Genome Analyzer","SINGLE","2015-07-22T00:00:00Z","GSM1206312","SRP007859","PRJNA63455","herm-male","L3","N2","wild-type","H3K18ac","AB1191","rep1","Input",NA,FALSE,"SRR1163551",FALSE,"SRR1163549_L3_herm-male_H3K18ac_Input_rep1"
"SRR1163550",50,433371150,"SAMN02315294","SRX466484","GSM1206313","Illumina Genome Analyzer","SINGLE","2015-07-22T00:00:00Z","GSM1206313","SRP007859","PRJNA63455","herm-male","L3","N2","wild-type","H3K18ac","AB1191","rep2","Input",NA,FALSE,"SRR1163552",FALSE,"SRR1163550_L3_herm-male_H3K18ac_Input_rep2"
"SRR1163551",50,662720550,"SAMN02315296","SRX466485","GSM1206314","Illumina Genome Analyzer","SINGLE","2014-05-21T00:00:00Z","GSM1206314","SRP007859","PRJNA63455","herm-male","L3","N2","wild-type","H3K18ac","AB1191","rep1","ChIP","SRR1163549",FALSE,NA,FALSE,"SRR1163551_L3_herm-male_H3K18ac_ChIP_rep1"
"SRR1163552",50,798095100,"SAMN02315267","SRX466486","GSM1206315","Illumina Genome Analyzer","SINGLE","2014-05-21T00:00:00Z","GSM1206315","SRP007859","PRJNA63455","herm-male","L3","N2","wild-type","H3K18ac","AB1191","rep2","ChIP","SRR1163550",FALSE,NA,FALSE,"SRR1163552_L3_herm-male_H3K18ac_ChIP_rep2"
"SRR1163553",50,126677150,"SAMN02315292","SRX466487","GSM1206316","Illumina Genome Analyzer","SINGLE","2015-07-22T00:00:00Z","GSM1206316","SRP007859","PRJNA63455","herm-male","L3","N2","wild-type","H3K79me2","AB3594","rep1","Input",NA,FALSE,"SRR1163555",FALSE,"SRR1163553_L3_herm-male_H3K79me2_Input_rep1"
"SRR1163554",50,433371150,"SAMN02315273","SRX466488","GSM1206317","Illumina Genome Analyzer","SINGLE","2015-07-22T00:00:00Z","GSM1206317","SRP007859","PRJNA63455","herm-male","L3","N2","wild-type","H3K79me2","AB3594","rep2","Input",NA,FALSE,"SRR1163556",FALSE,"SRR1163554_L3_herm-male_H3K79me2_Input_rep2"
"SRR1163555",50,1749311400,"SAMN02315269","SRX466489","GSM1206318","Illumina Genome Analyzer","SINGLE","2014-05-21T00:00:00Z","GSM1206318","SRP007859","PRJNA63455","herm-male","L3","N2","wild-type","H3K79me2","AB3594","rep1","ChIP","SRR1163553",FALSE,NA,FALSE,"SRR1163555_L3_herm-male_H3K79me2_ChIP_rep1"
"SRR1163556",50,1565642800,"SAMN02315287","SRX466490","GSM1206319","Illumina Genome Analyzer","SINGLE","2014-05-21T00:00:00Z","GSM1206319","SRP007859","PRJNA63455","herm-male","L3","N2","wild-type","H3K79me2","AB3594","rep2","ChIP","SRR1163554",FALSE,NA,FALSE,"SRR1163556_L3_herm-male_H3K79me2_ChIP_rep2"
"SRR1163557",50,126677150,"SAMN02315271","SRX466491","GSM1206320","Illumina Genome Analyzer","SINGLE","2015-07-22T00:00:00Z","GSM1206320","SRP007859","PRJNA63455","herm-male","L3","N2","wild-type","H3K36me1","ab9048","rep1","Input",NA,FALSE,"SRR1163559",FALSE,"SRR1163557_L3_herm-male_H3K36me1_Input_rep1"
"SRR1163558",50,433371150,"SAMN02315279","SRX466492","GSM1206321","Illumina Genome Analyzer","SINGLE","2015-07-22T00:00:00Z","GSM1206321","SRP007859","PRJNA63455","herm-male","L3","N2","wild-type","H3K36me1","ab9048","rep2","Input",NA,FALSE,"SRR1163560",FALSE,"SRR1163558_L3_herm-male_H3K36me1_Input_rep2"
"SRR1163559",50,639750750,"SAMN02315272","SRX466493","GSM1206322","Illumina Genome Analyzer","SINGLE","2014-05-21T00:00:00Z","GSM1206322","SRP007859","PRJNA63455","herm-male","L3","N2","wild-type","H3K36me1","ab9048","rep1","ChIP","SRR1163557",FALSE,NA,FALSE,"SRR1163559_L3_herm-male_H3K36me1_ChIP_rep1"
"SRR1163560",50,267464000,"SAMN02315275","SRX466494","GSM1206323","Illumina Genome Analyzer","SINGLE","2014-05-21T00:00:00Z","GSM1206323","SRP007859","PRJNA63455","herm-male","L3","N2","wild-type","H3K36me1","ab9048","rep2","ChIP","SRR1163558",FALSE,NA,FALSE,"SRR1163560_L3_herm-male_H3K36me1_ChIP_rep2"
"SRR1163561",50,126677150,"SAMN02315274","SRX466495","GSM1206324","Illumina Genome Analyzer","SINGLE","2015-07-22T00:00:00Z","GSM1206324","SRP007859","PRJNA63455","herm-male","L3","N2","wild-type","H3K9me2","HK00008","rep1","Input",NA,FALSE,"SRR1163563",FALSE,"SRR1163561_L3_herm-male_H3K9me2_Input_rep1"
"SRR1163562",50,279773950,"SAMN02315276","SRX466496","GSM1206325","Illumina Genome Analyzer","SINGLE","2015-07-22T00:00:00Z","GSM1206325","SRP007859","PRJNA63455","herm-male","L3","N2","wild-type","H3K9me2","HK00008","rep2","Input",NA,FALSE,"SRR1163564",FALSE,"SRR1163562_L3_herm-male_H3K9me2_Input_rep2"
"SRR1163563",50,1599504250,"SAMN02315278","SRX466497","GSM1206326","Illumina Genome Analyzer","SINGLE","2014-05-21T00:00:00Z","GSM1206326","SRP007859","PRJNA63455","herm-male","L3","N2","wild-type","H3K9me2","HK00008","rep1","ChIP","SRR1163561",FALSE,NA,FALSE,"SRR1163563_L3_herm-male_H3K9me2_ChIP_rep1"
"SRR1163564",50,1704009800,"SAMN02315283","SRX466498","GSM1206327","Illumina Genome Analyzer","SINGLE","2014-05-21T00:00:00Z","GSM1206327","SRP007859","PRJNA63455","herm-male","L3","N2","wild-type","H3K9me2","HK00008","rep2","ChIP","SRR1163562",FALSE,NA,FALSE,"SRR1163564_L3_herm-male_H3K9me2_ChIP_rep2"
"SRR1163643",36,571098600,"SAMN02315266","SRX466577","GSM1206406","Illumina Genome Analyzer","SINGLE","2015-07-22T00:00:00Z","GSM1206406","SRP007859","PRJNA63455","herm-male","L3","N2","wild-type","HPL-2","SDQ2340","rep1","Input",NA,FALSE,"SRR1163645",FALSE,"SRR1163643_L3_herm-male_HPL-2_Input_rep1"
"SRR1163644",50,656489400,"SAMN02315260","SRX466578","GSM1206407","Illumina Genome Analyzer","SINGLE","2015-07-22T00:00:00Z","GSM1206407","SRP007859","PRJNA63455","herm-male","L3","N2","wild-type","HPL-2","SDQ2340","rep2","Input",NA,FALSE,"SRR1163646",FALSE,"SRR1163644_L3_herm-male_HPL-2_Input_rep2"
"SRR1163645",36,1276487064,"SAMN02315259","SRX466579","GSM1206408","Illumina Genome Analyzer","SINGLE","2015-07-22T00:00:00Z","GSM1206408","SRP007859","PRJNA63455","herm-male","L3","N2","wild-type","HPL-2","SDQ2340","rep1","ChIP","SRR1163643",FALSE,NA,FALSE,"SRR1163645_L3_herm-male_HPL-2_ChIP_rep1"
"SRR1163646",28,287726404,"SAMN02315268","SRX466580","GSM1206409","Illumina Genome Analyzer","SINGLE","2015-07-22T00:00:00Z","GSM1206409","SRP007859","PRJNA63455","herm-male","L3","N2","wild-type","HPL-2","SDQ2340","rep2","ChIP","SRR1163644",FALSE,NA,FALSE,"SRR1163646_L3_herm-male_HPL-2_ChIP_rep2"
"SRR707558",32,217839968,"SAMN01919559","SRX234914","GSM1076673","Illumina Genome Analyzer","SINGLE","2015-07-22T00:00:00Z","GSM1076673","SRP018559","","herm","L3","OP355","unc-119(ed3) III; wgIs355(ZK377.2::TY1 EGFP FLAG; unc-119(+))","ZK377.2","GFP","rep1","Input",NA,FALSE,"SRR707560",FALSE,"SRR707558_L3_herm_ZK377.2_Input_rep1"
"SRR707559",32,238934208,"SAMN01919560","SRX234915","GSM1076674","Illumina Genome Analyzer","SINGLE","2015-07-22T00:00:00Z","GSM1076674","SRP018559","","herm","L3","OP355","unc-119(ed3) III; wgIs355(ZK377.2::TY1 EGFP FLAG; unc-119(+))","ZK377.2","GFP","rep2","Input",NA,FALSE,"SRR707561",FALSE,"SRR707559_L3_herm_ZK377.2_Input_rep2"
"SRR707560",32,42188032,"SAMN01919561","SRX234916","GSM1076675","Illumina Genome Analyzer","SINGLE","2015-07-22T00:00:00Z","GSM1076675","SRP018559","","herm","L3","OP355","unc-119(ed3) III; wgIs355(ZK377.2::TY1 EGFP FLAG; unc-119(+))","ZK377.2","GFP","rep1","ChIP","SRR707558",FALSE,NA,FALSE,"SRR707560_L3_herm_ZK377.2_ChIP_rep1"
"SRR707561",32,163036704,"SAMN01919562","SRX234917","GSM1076676","Illumina Genome Analyzer","SINGLE","2015-07-22T00:00:00Z","GSM1076676","SRP018559","","herm","L3","OP355","unc-119(ed3) III; wgIs355(ZK377.2::TY1 EGFP FLAG; unc-119(+))","ZK377.2","GFP","rep2","ChIP","SRR707559",FALSE,NA,FALSE,"SRR707561_L3_herm_ZK377.2_ChIP_rep2"
"SRR1265810",36,353061036,"SAMN02264716","SRX529206","GSM1195383","Illumina Genome Analyzer","SINGLE","2015-07-22T00:00:00Z","GSM1195383","SRP007859","PRJNA63455","herm-male","L3","N2","wild-type","H3","AR0144","rep1","Input",NA,FALSE,"SRR1265812",FALSE,"SRR1265810_L3_herm-male_H3_Input_rep1"
"SRR1265811",42,834726942,"SAMN02264718","SRX529207","GSM1195384","Illumina Genome Analyzer","SINGLE","2015-07-22T00:00:00Z","GSM1195384","SRP007859","PRJNA63455","herm-male","L3","N2","wild-type","H3","AR0144","rep2","Input",NA,FALSE,"SRR1265813",FALSE,"SRR1265811_L3_herm-male_H3_Input_rep2"
"SRR1265812",42,803923890,"SAMN02264717","SRX529208","GSM1195385","Illumina Genome Analyzer","SINGLE","2015-07-22T00:00:00Z","GSM1195385","SRP007859","PRJNA63455","herm-male","L3","N2","wild-type","H3","AR0144","rep1","ChIP","SRR1265810",FALSE,NA,FALSE,"SRR1265812_L3_herm-male_H3_ChIP_rep1"
"SRR1265813",42,854019810,"SAMN02264720","SRX529209","GSM1195386","Illumina Genome Analyzer","SINGLE","2015-07-22T00:00:00Z","GSM1195386","SRP007859","PRJNA63455","herm-male","L3","N2","wild-type","H3","AR0144","rep2","ChIP","SRR1265811",FALSE,NA,FALSE,"SRR1265813_L3_herm-male_H3_ChIP_rep2"
"SRR1265814",36,703999980,"SAMN02264719","SRX529210","GSM1195387","Illumina Genome Analyzer","SINGLE","2014-05-21T00:00:00Z","GSM1195387","SRP007859","PRJNA63455","herm-male","L3","N2","wild-type","H3K9ac","WA30932379","rep1","Input",NA,FALSE,"SRR1265816",FALSE,"SRR1265814_L3_herm-male_H3K9ac_Input_rep1"
"SRR1265815",42,809087454,"SAMN02264722","SRX529211","GSM1195388","Illumina Genome Analyzer","SINGLE","2015-07-22T00:00:00Z","GSM1195388","SRP007859","PRJNA63455","herm-male","L3","N2","wild-type","H3K9ac","WA30932379","rep2","Input",NA,FALSE,"SRR1265817",FALSE,"SRR1265815_L3_herm-male_H3K9ac_Input_rep2"
"SRR1265816",36,830522160,"SAMN02264723","SRX529212","GSM1195389","Illumina Genome Analyzer","SINGLE","2015-07-22T00:00:00Z","GSM1195389","SRP007859","PRJNA63455","herm-male","L3","N2","wild-type","H3K9ac","WA30932379","rep1","ChIP","SRR1265814",FALSE,NA,FALSE,"SRR1265816_L3_herm-male_H3K9ac_ChIP_rep1"
"SRR1265817",36,693121464,"SAMN02264724","SRX529213","GSM1195390","Illumina Genome Analyzer","SINGLE","2015-07-22T00:00:00Z","GSM1195390","SRP007859","PRJNA63455","herm-male","L3","N2","wild-type","H3K9ac","WA30932379","rep2","ChIP","SRR1265815",FALSE,NA,FALSE,"SRR1265817_L3_herm-male_H3K9ac_ChIP_rep2"
"SRR1265826",50,279773950,"SAMN02264733","SRX529222","GSM1195399","Illumina Genome Analyzer","SINGLE","2015-07-22T00:00:00Z","GSM1195399","SRP007859","PRJNA63455","herm-male","L3","N2","wild-type","H3K9me1","ab8896","rep1","Input",NA,FALSE,"SRR1265828",FALSE,"SRR1265826_L3_herm-male_H3K9me1_Input_rep1"
"SRR1265827",75,3005634225,"SAMN02264732","SRX529223","GSM1195400","Illumina Genome Analyzer","SINGLE","2015-07-22T00:00:00Z","GSM1195400","SRP007859","PRJNA63455","herm-male","L3","N2","wild-type","H3K9me1","ab8896","rep2","Input",NA,FALSE,"SRR1265829",FALSE,"SRR1265827_L3_herm-male_H3K9me1_Input_rep2"
"SRR1265828",50,435582450,"SAMN02264734","SRX529224","GSM1195401","Illumina Genome Analyzer","SINGLE","2014-05-21T00:00:00Z","GSM1195401","SRP007859","PRJNA63455","herm-male","L3","N2","wild-type","H3K9me1","ab8896","rep1","ChIP","SRR1265826",FALSE,NA,FALSE,"SRR1265828_L3_herm-male_H3K9me1_ChIP_rep1"
"SRR1265829",50,1001901800,"SAMN02264736","SRX529225","GSM1195402","Illumina Genome Analyzer","SINGLE","2014-05-21T00:00:00Z","GSM1195402","SRP007859","PRJNA63455","herm-male","L3","N2","wild-type","H3K9me1","ab8896","rep2","ChIP","SRR1265827",FALSE,NA,FALSE,"SRR1265829_L3_herm-male_H3K9me1_ChIP_rep2"
"SRR1265830",50,126677150,"SAMN02264735","SRX529226","GSM1195403","Illumina Genome Analyzer","SINGLE","2015-07-22T00:00:00Z","GSM1195403","SRP007859","PRJNA63455","herm-male","L3","N2","wild-type","H3K4me1","ab8895","rep1","Input",NA,FALSE,"SRR1265832",FALSE,"SRR1265830_L3_herm-male_H3K4me1_Input_rep1"
"SRR1265831",50,433371150,"SAMN02264737","SRX529227","GSM1195404","Illumina Genome Analyzer","SINGLE","2015-07-22T00:00:00Z","GSM1195404","SRP007859","PRJNA63455","herm-male","L3","N2","wild-type","H3K4me1","ab8895","rep2","Input",NA,FALSE,"SRR1265833",FALSE,"SRR1265831_L3_herm-male_H3K4me1_Input_rep2"
"SRR1265832",50,702709150,"SAMN02264741","SRX529228","GSM1195405","Illumina Genome Analyzer","SINGLE","2014-05-21T00:00:00Z","GSM1195405","SRP007859","PRJNA63455","herm-male","L3","N2","wild-type","H3K4me1","ab8895","rep1","ChIP","SRR1265830",FALSE,NA,FALSE,"SRR1265832_L3_herm-male_H3K4me1_ChIP_rep1"
"SRR1265833",50,543729200,"SAMN02264738","SRX529229","GSM1195406","Illumina Genome Analyzer","SINGLE","2014-05-21T00:00:00Z","GSM1195406","SRP007859","PRJNA63455","herm-male","L3","N2","wild-type","H3K4me1","ab8895","rep2","ChIP","SRR1265831",FALSE,NA,FALSE,"SRR1265833_L3_herm-male_H3K4me1_ChIP_rep2"
"SRR1198351",36,353061036,"SAMN02338411","SRX494819","GSM1217231","Illumina Genome Analyzer","SINGLE","2015-07-22T00:00:00Z","GSM1217231","SRP007859","PRJNA63455","herm-male","L3","N2","wild-type","LIN-53","SDQ2370","rep1","Input",NA,FALSE,"SRR1198353",FALSE,"SRR1198351_L3_herm-male_LIN-53_Input_rep1"
"SRR1198352",42,809087454,"SAMN02338412","SRX494820","GSM1217232","Illumina Genome Analyzer","SINGLE","2015-07-22T00:00:00Z","GSM1217232","SRP007859","PRJNA63455","herm-male","L3","N2","wild-type","LIN-53","SDQ2370","rep2","Input",NA,FALSE,"SRR1198354",FALSE,"SRR1198352_L3_herm-male_LIN-53_Input_rep2"
"SRR1198353",42,708327816,"SAMN02338410","SRX494821","GSM1217233","Illumina Genome Analyzer","SINGLE","2015-07-22T00:00:00Z","GSM1217233","SRP007859","PRJNA63455","herm-male","L3","N2","wild-type","LIN-53","SDQ2370","rep1","ChIP","SRR1198351",FALSE,NA,FALSE,"SRR1198353_L3_herm-male_LIN-53_ChIP_rep1"
"SRR1198354",36,596166984,"SAMN02338417","SRX494822","GSM1217234","Illumina Genome Analyzer","SINGLE","2015-07-22T00:00:00Z","GSM1217234","SRP007859","PRJNA63455","herm-male","L3","N2","wild-type","LIN-53","SDQ2370","rep2","ChIP","SRR1198352",FALSE,NA,FALSE,"SRR1198354_L3_herm-male_LIN-53_ChIP_rep2"
"SRR1198368",50,279773950,"SAMN02338429","SRX494836","GSM1217251","Illumina Genome Analyzer","SINGLE","2015-07-22T00:00:00Z","GSM1217251","SRP007859","PRJNA63455","herm-male","L3","N2","wild-type","H4K20me1","SN147","rep1","Input",NA,FALSE,"SRR1198370",FALSE,"SRR1198368_L3_herm-male_H4K20me1_Input_rep1"
"SRR1198369",75,3005634225,"SAMN02338431","SRX494837","GSM1217252","Illumina Genome Analyzer","SINGLE","2015-07-22T00:00:00Z","GSM1217252","SRP007859","PRJNA63455","herm-male","L3","N2","wild-type","H4K20me1","SN147","rep2","Input",NA,FALSE,"SRR1198371",FALSE,"SRR1198369_L3_herm-male_H4K20me1_Input_rep2"
"SRR1198370",50,1679809200,"SAMN02338434","SRX494838","GSM1217253","Illumina Genome Analyzer","SINGLE","2014-05-21T00:00:00Z","GSM1217253","SRP007859","PRJNA63455","herm-male","L3","N2","wild-type","H4K20me1","SN147","rep1","ChIP","SRR1198368",FALSE,NA,FALSE,"SRR1198370_L3_herm-male_H4K20me1_ChIP_rep1"
"SRR1198371",50,1069073650,"SAMN02338432","SRX494839","GSM1217254","Illumina Genome Analyzer","SINGLE","2014-05-21T00:00:00Z","GSM1217254","SRP007859","PRJNA63455","herm-male","L3","N2","wild-type","H4K20me1","SN147","rep2","ChIP","SRR1198369",FALSE,NA,FALSE,"SRR1198371_L3_herm-male_H4K20me1_ChIP_rep2"
"SRR1198479",36,571098600,"SAMN02338570","SRX494947","GSM1217365","Illumina Genome Analyzer","SINGLE","2015-07-22T00:00:00Z","GSM1217365","SRP007859","PRJNA63455","herm-male","L3","N2","wild-type","HDA-1","SDQ2354","rep1","Input",NA,FALSE,"SRR1198481",FALSE,"SRR1198479_L3_herm-male_HDA-1_Input_rep1"
"SRR1198480",50,656489400,"SAMN02338575","SRX494948","GSM1217366","Illumina Genome Analyzer","SINGLE","2015-07-22T00:00:00Z","GSM1217366","SRP007859","PRJNA63455","herm-male","L3","N2","wild-type","HDA-1","SDQ2354","rep2","Input",NA,FALSE,"SRR1198482",FALSE,"SRR1198480_L3_herm-male_HDA-1_Input_rep2"
"SRR1198481",36,747700488,"SAMN02338583","SRX494949","GSM1217367","Illumina Genome Analyzer","SINGLE","2015-07-22T00:00:00Z","GSM1217367","SRP007859","PRJNA63455","herm-male","L3","N2","wild-type","HDA-1","SDQ2354","rep1","ChIP","SRR1198479",FALSE,NA,FALSE,"SRR1198481_L3_herm-male_HDA-1_ChIP_rep1"
"SRR1198482",35,908215700,"SAMN02338566","SRX494950","GSM1217368","Illumina Genome Analyzer","SINGLE","2015-07-22T00:00:00Z","GSM1217368","SRP007859","PRJNA63455","herm-male","L3","N2","wild-type","HDA-1","SDQ2354","rep2","ChIP","SRR1198480",FALSE,NA,FALSE,"SRR1198482_L3_herm-male_HDA-1_ChIP_rep2"
"SRR1198483",50,656489400,"SAMN02338576","SRX494951","GSM1217369","Illumina Genome Analyzer","SINGLE","2015-07-22T00:00:00Z","GSM1217369","SRP007859","PRJNA63455","herm-male","L3","N2","wild-type","LET-418","SDQ3861","rep1","Input",NA,FALSE,"SRR1198484",FALSE,"SRR1198483_L3_herm-male_LET-418_Input_rep1"
"SRR1198484",35,1156677095,"SAMN02338573","SRX494952","GSM1217371","Illumina Genome Analyzer","SINGLE","2015-07-22T00:00:00Z","GSM1217371","SRP007859","PRJNA63455","herm-male","L3","N2","wild-type","LET-418","SDQ3861","rep1","ChIP","SRR1198483",FALSE,NA,FALSE,"SRR1198484_L3_herm-male_LET-418_ChIP_rep1"
"SRR1198486",36,124369020,"SAMN02338568","SRX494954","GSM1217373","Illumina Genome Analyzer","SINGLE","2015-07-22T00:00:00Z","GSM1217373","SRP007859","PRJNA63455","herm-male","L3","N2","wild-type","LET-418","SDQ2342","rep1","Input",NA,FALSE,"SRR1198488",FALSE,"SRR1198486_L3_herm-male_LET-418_Input_rep1"
"SRR1198487",36,571098600,"SAMN02338564","SRX494955","GSM1217374","Illumina Genome Analyzer","SINGLE","2015-07-22T00:00:00Z","GSM1217374","SRP007859","PRJNA63455","herm-male","L3","N2","wild-type","LET-418","SDQ2342","rep2","Input",NA,FALSE,"SRR1198489",FALSE,"SRR1198487_L3_herm-male_LET-418_Input_rep2"
"SRR1198488",36,959883948,"SAMN02338562","SRX494956","GSM1217375","Illumina Genome Analyzer","SINGLE","2015-07-22T00:00:00Z","GSM1217375","SRP007859","PRJNA63455","herm-male","L3","N2","wild-type","LET-418","SDQ2342","rep1","ChIP","SRR1198486",FALSE,NA,FALSE,"SRR1198488_L3_herm-male_LET-418_ChIP_rep1"
"SRR1198489",36,640027368,"SAMN02338569","SRX494957","GSM1217376","Illumina Genome Analyzer","SINGLE","2015-07-22T00:00:00Z","GSM1217376","SRP007859","PRJNA63455","herm-male","L3","N2","wild-type","LET-418","SDQ2342","rep2","ChIP","SRR1198487",FALSE,NA,FALSE,"SRR1198489_L3_herm-male_LET-418_ChIP_rep2"
"SRR1198490",50,656489400,"SAMN02338563","SRX494958","GSM1217377","Illumina Genome Analyzer","SINGLE","2015-07-22T00:00:00Z","GSM1217377","SRP007859","PRJNA63455","herm-male","L3","N2","wild-type","LIN-61","HM4077","rep1","Input",NA,FALSE,"SRR1198492",FALSE,"SRR1198490_L3_herm-male_LIN-61_Input_rep1"
"SRR1198491",50,715779150,"SAMN02338561","SRX494959","GSM1217378","Illumina Genome Analyzer","SINGLE","2015-07-22T00:00:00Z","GSM1217378","SRP007859","PRJNA63455","herm-male","L3","N2","wild-type","LIN-61","HM4077","rep2","Input",NA,FALSE,"SRR1198493",FALSE,"SRR1198491_L3_herm-male_LIN-61_Input_rep2"
"SRR1198492",50,223272200,"SAMN02338567","SRX494960","GSM1217379","Illumina Genome Analyzer","SINGLE","2015-07-22T00:00:00Z","GSM1217379","SRP007859","PRJNA63455","herm-male","L3","N2","wild-type","LIN-61","HM4077","rep1","ChIP","SRR1198490",FALSE,NA,FALSE,"SRR1198492_L3_herm-male_LIN-61_ChIP_rep1"
"SRR1198493",36,1327571316,"SAMN02338725","SRX494961","GSM1217380","Illumina Genome Analyzer","SINGLE","2015-07-22T00:00:00Z","GSM1217380","SRP007859","PRJNA63455","herm-male","L3","N2","wild-type","LIN-61","HM4077","rep2","ChIP","SRR1198491",FALSE,NA,FALSE,"SRR1198493_L3_herm-male_LIN-61_ChIP_rep2"
"SRR1198494",50,656489400,"SAMN02338730","SRX494962","GSM1217381","Illumina Genome Analyzer","SINGLE","2015-07-22T00:00:00Z","GSM1217381","SRP007859","PRJNA63455","herm-male","L3","N2","wild-type","NURF-1","SDQ2940","rep1","Input",NA,FALSE,"SRR1198496",FALSE,"SRR1198494_L3_herm-male_NURF-1_Input_rep1"
"SRR1198495",50,1125207050,"SAMN02338706","SRX494963","GSM1217382","Illumina Genome Analyzer","SINGLE","2015-07-22T00:00:00Z","GSM1217382","SRP007859","PRJNA63455","herm-male","L3","N2","wild-type","NURF-1","SDQ2940","rep2","Input",NA,FALSE,"SRR1198497",FALSE,"SRR1198495_L3_herm-male_NURF-1_Input_rep2"
"SRR1198496",50,303269350,"SAMN02338724","SRX494964","GSM1217383","Illumina Genome Analyzer","SINGLE","2015-07-22T00:00:00Z","GSM1217383","SRP007859","PRJNA63455","herm-male","L3","N2","wild-type","NURF-1","SDQ2940","rep1","ChIP","SRR1198494",FALSE,NA,FALSE,"SRR1198496_L3_herm-male_NURF-1_ChIP_rep1"
"SRR1198497",50,712574900,"SAMN02338729","SRX494965","GSM1217384","Illumina Genome Analyzer","SINGLE","2015-07-22T00:00:00Z","GSM1217384","SRP007859","PRJNA63455","herm-male","L3","N2","wild-type","NURF-1","SDQ2940","rep2","ChIP","SRR1198495",FALSE,NA,FALSE,"SRR1198497_L3_herm-male_NURF-1_ChIP_rep2"
"SRR1198498",50,952027950,"SAMN02338704","SRX494966","GSM1217385","Illumina Genome Analyzer","SINGLE","2015-07-22T00:00:00Z","GSM1217385","SRP007859","PRJNA63455","herm-male","L3","N2","wild-type","NURF-1","SDQ3525","rep1","Input",NA,FALSE,"SRR1198500",FALSE,"SRR1198498_L3_herm-male_NURF-1_Input_rep1"
"SRR1198499",50,715779150,"SAMN02338721","SRX494967","GSM1217386","Illumina Genome Analyzer","SINGLE","2015-07-22T00:00:00Z","GSM1217386","SRP007859","PRJNA63455","herm-male","L3","N2","wild-type","NURF-1","SDQ3525","rep2","Input",NA,FALSE,"SRR1198501",FALSE,"SRR1198499_L3_herm-male_NURF-1_Input_rep2"
"SRR1198500",50,921623400,"SAMN02338727","SRX494968","GSM1217387","Illumina Genome Analyzer","SINGLE","2014-05-21T00:00:00Z","GSM1217387","SRP007859","PRJNA63455","herm-male","L3","N2","wild-type","NURF-1","SDQ3525","rep1","ChIP","SRR1198498",FALSE,NA,FALSE,"SRR1198500_L3_herm-male_NURF-1_ChIP_rep1"
"SRR1198501",50,422596850,"SAMN02338705","SRX494969","GSM1217388","Illumina Genome Analyzer","SINGLE","2014-05-21T00:00:00Z","GSM1217388","SRP007859","PRJNA63455","herm-male","L3","N2","wild-type","NURF-1","SDQ3525","rep2","ChIP","SRR1198499",FALSE,NA,FALSE,"SRR1198501_L3_herm-male_NURF-1_ChIP_rep2"
"SRR1198502",50,952027950,"SAMN02338719","SRX494970","GSM1217389","Illumina Genome Analyzer","SINGLE","2015-07-22T00:00:00Z","GSM1217389","SRP007859","PRJNA63455","herm-male","L3","N2","wild-type","NURF-1","SDQ3528","rep1","Input",NA,FALSE,"SRR1198504",FALSE,"SRR1198502_L3_herm-male_NURF-1_Input_rep1"
"SRR1198503",50,715779150,"SAMN02338726","SRX494971","GSM1217390","Illumina Genome Analyzer","SINGLE","2015-07-22T00:00:00Z","GSM1217390","SRP007859","PRJNA63455","herm-male","L3","N2","wild-type","NURF-1","SDQ3528","rep2","Input",NA,FALSE,"SRR1198505",FALSE,"SRR1198503_L3_herm-male_NURF-1_Input_rep2"
"SRR1198504",50,1342586450,"SAMN02338698","SRX494972","GSM1217391","Illumina Genome Analyzer","SINGLE","2014-05-21T00:00:00Z","GSM1217391","SRP007859","PRJNA63455","herm-male","L3","N2","wild-type","NURF-1","SDQ3528","rep1","ChIP","SRR1198502",FALSE,NA,FALSE,"SRR1198504_L3_herm-male_NURF-1_ChIP_rep1"
"SRR1198505",50,738129850,"SAMN02338720","SRX494973","GSM1217392","Illumina Genome Analyzer","SINGLE","2014-05-21T00:00:00Z","GSM1217392","SRP007859","PRJNA63455","herm-male","L3","N2","wild-type","NURF-1","SDQ3528","rep2","ChIP","SRR1198503",FALSE,NA,FALSE,"SRR1198505_L3_herm-male_NURF-1_ChIP_rep2"
"SRR1198506",75,3005634225,"SAMN02338722","SRX494974","GSM1217393","Illumina Genome Analyzer","SINGLE","2015-07-22T00:00:00Z","GSM1217393","SRP007859","PRJNA63455","herm-male","L3","N2","wild-type","H4K8ac","ab15823","rep1","Input",NA,FALSE,"SRR1198508",FALSE,"SRR1198506_L3_herm-male_H4K8ac_Input_rep1"
"SRR1198507",36,1196342964,"SAMN02338696","SRX494975","GSM1217394","Illumina Genome Analyzer","SINGLE","2015-07-22T00:00:00Z","GSM1217394","SRP007859","PRJNA63455","herm-male","L3","N2","wild-type","H4K8ac","ab15823","rep2","Input",NA,FALSE,"SRR1198509",FALSE,"SRR1198507_L3_herm-male_H4K8ac_Input_rep2"
"SRR1198508",50,1652725200,"SAMN02338717","SRX494976","GSM1217395","Illumina Genome Analyzer","SINGLE","2014-05-21T00:00:00Z","GSM1217395","SRP007859","PRJNA63455","herm-male","L3","N2","wild-type","H4K8ac","ab15823","rep1","ChIP","SRR1198506",FALSE,NA,FALSE,"SRR1198508_L3_herm-male_H4K8ac_ChIP_rep1"
"SRR1198509",50,1464252350,"SAMN02338716","SRX494977","GSM1217396","Illumina Genome Analyzer","SINGLE","2014-05-21T00:00:00Z","GSM1217396","SRP007859","PRJNA63455","herm-male","L3","N2","wild-type","H4K8ac","ab15823","rep2","ChIP","SRR1198507",FALSE,NA,FALSE,"SRR1198509_L3_herm-male_H4K8ac_ChIP_rep2"
"SRR1198518",42,574606998,"SAMN02338701","SRX494986","GSM1217405","Illumina Genome Analyzer","SINGLE","2015-07-22T00:00:00Z","GSM1217405","SRP007859","PRJNA63455","herm-male","L3","N2","wild-type","ZFP-1","JL00006","rep1","Input",NA,FALSE,"SRR1198520",FALSE,"SRR1198518_L3_herm-male_ZFP-1_Input_rep1"
"SRR1198519",42,644762160,"SAMN02338688","SRX494987","GSM1217406","Illumina Genome Analyzer","SINGLE","2015-07-22T00:00:00Z","GSM1217406","SRP007859","PRJNA63455","herm-male","L3","N2","wild-type","ZFP-1","JL00006","rep2","Input",NA,FALSE,"SRR1198521",FALSE,"SRR1198519_L3_herm-male_ZFP-1_Input_rep2"
"SRR1198520",42,198100140,"SAMN02338710","SRX494988","GSM1217407","Illumina Genome Analyzer","SINGLE","2015-07-22T00:00:00Z","GSM1217407","SRP007859","PRJNA63455","herm-male","L3","N2","wild-type","ZFP-1","JL00006","rep1","ChIP","SRR1198518",FALSE,NA,FALSE,"SRR1198520_L3_herm-male_ZFP-1_ChIP_rep1"
"SRR1198521",42,571782540,"SAMN02338700","SRX494989","GSM1217408","Illumina Genome Analyzer","SINGLE","2015-07-22T00:00:00Z","GSM1217408","SRP007859","PRJNA63455","herm-male","L3","N2","wild-type","ZFP-1","JL00006","rep2","ChIP","SRR1198519",FALSE,NA,FALSE,"SRR1198521_L3_herm-male_ZFP-1_ChIP_rep2"
"SRR1198629",42,644762160,"SAMN02338525","SRX495097","GSM1217517","Illumina Genome Analyzer","SINGLE","2015-07-22T00:00:00Z","GSM1217517","SRP007859","PRJNA63455","herm-male","L3","N2","wild-type","RPC-1","SDQ4663","rep1","Input",NA,FALSE,"SRR1198631",FALSE,"SRR1198629_L3_herm-male_RPC-1_Input_rep1"
"SRR1198630",42,574606998,"SAMN02338529","SRX495098","GSM1217518","Illumina Genome Analyzer","SINGLE","2015-07-22T00:00:00Z","GSM1217518","SRP007859","PRJNA63455","herm-male","L3","N2","wild-type","RPC-1","SDQ4663","rep2","Input",NA,FALSE,"SRR1198632",FALSE,"SRR1198630_L3_herm-male_RPC-1_Input_rep2"
"SRR1198631",42,751396380,"SAMN02338527","SRX495099","GSM1217519","Illumina Genome Analyzer","SINGLE","2015-07-22T00:00:00Z","GSM1217519","SRP007859","PRJNA63455","herm-male","L3","N2","wild-type","RPC-1","SDQ4663","rep1","ChIP","SRR1198629",FALSE,NA,FALSE,"SRR1198631_L3_herm-male_RPC-1_ChIP_rep1"
"SRR1198632",42,380724582,"SAMN02338531","SRX495100","GSM1217520","Illumina Genome Analyzer","SINGLE","2014-05-21T00:00:00Z","GSM1217520","SRP007859","PRJNA63455","herm-male","L3","N2","wild-type","RPC-1","SDQ4663","rep2","ChIP","SRR1198630",FALSE,NA,FALSE,"SRR1198632_L3_herm-male_RPC-1_ChIP_rep2"
"SRR1230855",50,252320350,"SAMN02724793","SRX514567","GSM1366017","Illumina HiSeq 2000","SINGLE","2014-04-14T00:00:00Z","GSM1366017","SRP041058","","herm-male","L3","N2","wild-type","H4K16ac","anti-H4K16ac","rep1","ChIP","SRR1230857;SRR1230858",TRUE,NA,FALSE,"SRR1230855_L3_herm-male_H4K16ac_ChIP_rep1"
"SRR1230856",50,254835100,"SAMN02724794","SRX514568","GSM1366018","Illumina HiSeq 2000","SINGLE","2014-04-14T00:00:00Z","GSM1366018","SRP041058","","herm-male","L3","N2","wild-type","H4K16ac","anti-H4K16ac","rep1","ChIP","SRR1230857;SRR1230858",TRUE,NA,FALSE,"SRR1230856_L3_herm-male_H4K16ac_ChIP_rep1"
"SRR1230857",50,1142949100,"SAMN02724796","SRX514569","GSM1366019","Illumina HiSeq 2000","SINGLE","2014-04-14T00:00:00Z","GSM1366019","SRP041058","","herm-male","L3","N2","wild-type","Input",NA,"rep1","Input",NA,FALSE,"SRR1230855;SRR1230856",TRUE,"SRR1230857_L3_herm-male_Input_Input_rep1"
"SRR1230858",50,249767550,"SAMN02724795","SRX514570","GSM1366020","Illumina HiSeq 2000","SINGLE","2014-04-14T00:00:00Z","GSM1366020","SRP041058","","herm-male","L3","N2","wild-type","Input",NA,"rep1","Input",NA,FALSE,"SRR1230855;SRR1230856",TRUE,"SRR1230858_L3_herm-male_Input_Input_rep1"
